volt,current
0.1,-0.0024267
0.15,0.657055
0.2,1.2448
0.25,1.761
0.3,2.206
0.35,2.5804
0.4,2.8853
0.45,3.1225
0.5,3.2956
0.55,3.413
0.6,3.4908
0.65,3.5458
0.7,3.5881
0.75,3.6226
0.8,3.6518
0.85,3.6771
0.9,3.6994
0.95,3.7194
1,3.7374
Avg,2.836612021
