volt,current
0.1,-0.0024267
0.15,0.213795
0.2,0.406407
0.25,0.575522
0.3,0.721314
0.35,0.844045
0.4,0.944113
0.45,1.0222
0.5,1.0793
0.55,1.1183
0.6,1.1441
0.65,1.1623
0.7,1.1764
0.75,1.1878
0.8,1.1975
0.85,1.2059
0.9,1.2133
0.95,1.2199
1,1.2259
Avg,0.929245753
