volt,current
0.1,-0.0024267
0.15,0.440834
0.2,0.83596
0.25,1.183
0.3,1.4822
0.35,1.7339
0.4,1.9388
0.45,2.0979
0.5,2.2139
0.55,2.2923
0.6,2.3442
0.65,2.381
0.7,2.4093
0.75,2.4324
0.8,2.4519
0.85,2.4688
0.9,2.4837
0.95,2.4971
1,2.5091
Avg,1.904940384
